true_label,pred_label,entropy,prob_class_0,prob_class_1,prob_class_2,prob_class_3
3,0,1.924868,0.38042057,0.23940247,0.22618939,0.15398757
3,3,1.9768199,0.18290904,0.2692278,0.24440804,0.30345514
0,0,1.8083321,0.48017064,0.21542841,0.1719941,0.1324068
2,2,1.9733781,0.17366144,0.25118947,0.2882639,0.28688517
0,0,1.6612521,0.5524521,0.19446662,0.17360464,0.079476595
3,0,1.973867,0.29835173,0.29019433,0.22742921,0.18402475
1,1,1.9732536,0.18650809,0.3224453,0.24471563,0.24633093
2,3,1.9677283,0.17332308,0.23197523,0.29296896,0.30173278
3,3,1.9681019,0.17346847,0.23949717,0.27198306,0.3150513
2,1,1.9871969,0.19606015,0.28088865,0.26923802,0.2538132
0,0,1.8273041,0.46299022,0.22603603,0.18286622,0.12810753
1,1,1.9703529,0.22311844,0.32858938,0.25772402,0.19056818
3,3,1.9257995,0.15104009,0.21974471,0.25528142,0.37393376
0,0,1.7846195,0.48672292,0.2332582,0.16218917,0.1178297
1,1,1.9589591,0.20189792,0.34744987,0.25550658,0.19514567
1,1,1.9825221,0.19430555,0.3005268,0.26459396,0.2405737
1,1,1.9668429,0.25049865,0.3220645,0.25475904,0.17267783
1,1,1.9752715,0.29032108,0.2932951,0.23349795,0.18288592
3,3,1.9906273,0.20709616,0.24636361,0.26210684,0.28443342
2,1,1.9902725,0.20201817,0.27373323,0.25605872,0.26818994
3,0,1.8171042,0.47589695,0.21330403,0.17324176,0.1375573
2,3,1.9683846,0.16792847,0.25915134,0.26627517,0.30664507
3,3,1.9921606,0.20850866,0.25371367,0.25901216,0.27876556
3,3,1.9491452,0.14268957,0.29299918,0.2704403,0.2938709
1,0,1.8671352,0.41439053,0.26024348,0.20664507,0.11872091
0,0,1.8113718,0.47900644,0.21410942,0.17201969,0.1348645
1,1,1.9654807,0.22983676,0.33437547,0.25371844,0.18206932
3,0,1.8655097,0.41284153,0.26205227,0.20948496,0.115621254
3,1,1.9691799,0.16561604,0.2921334,0.26662675,0.2756238
2,2,1.9865657,0.19659896,0.2541293,0.28914607,0.26012564
1,1,1.9544607,0.20333011,0.35836604,0.24137166,0.19693215
0,0,1.7629054,0.49665487,0.22559847,0.17568845,0.10205824
2,0,1.8263233,0.44303468,0.25270823,0.19996037,0.104296826
1,1,1.9861329,0.20479284,0.30182558,0.2532468,0.24013479
0,0,1.8728751,0.41514978,0.254156,0.20597257,0.12472162
0,0,1.9952937,0.26664743,0.25206083,0.2644422,0.21684954
3,1,1.9851309,0.18968557,0.27040902,0.26987284,0.27003258
1,0,1.8456967,0.4168135,0.28367117,0.19104299,0.10847241
3,3,1.9311657,0.14858827,0.22469081,0.26520193,0.361519
3,1,1.9952607,0.26584804,0.26944304,0.2458126,0.21889631
0,1,1.9956808,0.2556125,0.2786765,0.23861828,0.22709267
1,0,1.8753628,0.39659292,0.2857546,0.19705017,0.120602444
0,0,1.905499,0.3802942,0.2729984,0.2124406,0.13426678
1,0,1.7957522,0.46196795,0.25335774,0.18794644,0.096727856
2,3,1.9341338,0.13234133,0.2700804,0.27184206,0.32573625
2,1,1.9697324,0.16878526,0.30318636,0.26504666,0.2629817
2,3,1.9505059,0.16151159,0.236753,0.2573687,0.3443667
2,2,1.9511131,0.14416438,0.27515286,0.29134315,0.28933954
3,3,1.9187939,0.13735071,0.21661684,0.28685042,0.359182
2,3,1.9443777,0.15083872,0.25057992,0.25537336,0.34320807
1,1,1.9664799,0.20325358,0.34254456,0.24262108,0.21158078
0,0,1.7616582,0.49398562,0.22116931,0.18992504,0.09491998
3,3,1.9355452,0.13637578,0.24841546,0.2873052,0.3279036
1,0,1.9055679,0.36410195,0.29197407,0.21700893,0.12691508
1,0,1.9547851,0.30679613,0.28939176,0.2518164,0.15199581
1,1,1.9393047,0.28713807,0.3453857,0.21024202,0.15723415
2,2,1.9633121,0.16296685,0.24473128,0.29950157,0.29280028
1,1,1.9784993,0.22489788,0.32329392,0.24350324,0.20830502
0,0,1.8354508,0.42919374,0.27584863,0.1868344,0.108123206
0,0,1.9856815,0.2899376,0.27937478,0.2216963,0.20899135
2,0,1.9847577,0.27981305,0.26718068,0.26327392,0.18973234
3,3,1.9777741,0.2051175,0.22820602,0.24261862,0.32405785
3,3,1.9191855,0.13158149,0.23150842,0.28229484,0.35461524
1,1,1.9650735,0.20073883,0.34354174,0.24524547,0.21047392
1,1,1.9551454,0.2589856,0.3399009,0.23493247,0.1661811
2,0,1.92861,0.36324945,0.24435355,0.24909034,0.14330667
0,0,1.822791,0.47291416,0.21215732,0.1741577,0.14077084
3,3,1.9941273,0.22402543,0.2677301,0.23164885,0.27659565
1,1,1.9611546,0.20055059,0.34668356,0.25111008,0.20165579
0,0,1.8118169,0.4694603,0.22886418,0.18379721,0.11787825
2,3,1.9570711,0.152883,0.25660595,0.29498914,0.29552194
0,2,1.9772398,0.17631534,0.2743292,0.2811342,0.26822123
3,3,1.9528018,0.15434596,0.24157417,0.28298756,0.3210924
0,0,1.7267435,0.5185995,0.21753904,0.16786437,0.09599717
0,0,1.788259,0.4700547,0.24625438,0.18676394,0.09692699
0,0,1.7565717,0.5013798,0.22137205,0.17605633,0.10119188
1,1,1.9875392,0.26369163,0.2888724,0.24747255,0.19996348
2,3,1.9390402,0.13658226,0.26992527,0.27013668,0.32335582
2,0,1.9186068,0.3844038,0.23023637,0.23714602,0.1482138
2,3,1.9420999,0.14174579,0.25956097,0.26954105,0.3291522
2,3,1.9782631,0.17832196,0.26600197,0.2714652,0.28421086
0,1,1.9837239,0.27931455,0.28882694,0.23609842,0.19576013
0,0,1.8809748,0.390964,0.28381562,0.20569596,0.1195244
0,0,1.8307462,0.46262813,0.22645624,0.17590788,0.13500778
2,2,1.9771683,0.17941625,0.2516247,0.29217005,0.27678907
3,3,1.9693894,0.18098958,0.24734716,0.24535887,0.3263044
3,0,1.912745,0.3999983,0.22806571,0.21134998,0.16058594
1,1,1.9819087,0.21910743,0.31137908,0.25950658,0.21000685
1,1,1.9597667,0.23747733,0.34677818,0.23417556,0.18156897
0,0,1.8888783,0.37159014,0.3070775,0.19783115,0.1235012
3,1,1.96788,0.16394024,0.28975087,0.26419386,0.28211492
3,1,1.9799876,0.21798067,0.31656086,0.25605133,0.20940718
1,1,1.9814167,0.18575583,0.29180413,0.26113096,0.2613091
1,1,1.9606918,0.27856863,0.3264316,0.2223535,0.17264625
3,1,1.9681535,0.22426637,0.3388166,0.2411475,0.19576955
3,0,1.6998168,0.5295914,0.20770752,0.1795445,0.08315662
3,3,1.9648952,0.16921866,0.25265053,0.25609326,0.32203755
3,3,1.9218,0.13615727,0.2417581,0.25785685,0.36422774
0,0,1.8412193,0.44203427,0.22168438,0.222908,0.1133734
3,3,1.9133955,0.13404334,0.2253439,0.2690987,0.37151405
0,0,1.6904718,0.54311454,0.1948446,0.16878581,0.093255095
2,2,1.9654669,0.16092207,0.2687012,0.2949337,0.27544296
0,0,1.7245904,0.5103485,0.22427718,0.1824859,0.082888536
0,0,1.7869059,0.48672083,0.22558634,0.17221248,0.11548034
0,0,1.7106152,0.5347267,0.18925096,0.17621246,0.09980986
1,0,1.8001858,0.45640755,0.26224017,0.18314019,0.09821216
1,1,1.9876702,0.24696927,0.30050653,0.24411264,0.20841154
3,3,1.9713396,0.17002803,0.2548178,0.28601924,0.28913492
1,0,1.85408,0.4144651,0.28466633,0.18383053,0.11703796
1,1,1.9813777,0.25780073,0.311691,0.22721432,0.20329404
2,0,1.974723,0.29838535,0.2892623,0.22649597,0.18585643
2,1,1.9958165,0.24134101,0.27838072,0.254001,0.22627732
0,0,1.7872105,0.48239782,0.22493422,0.18605669,0.106611274
0,0,1.9583414,0.32536098,0.27255297,0.23908444,0.1630016
3,1,1.9723997,0.17757319,0.3114751,0.26456934,0.24638243
0,0,1.7113619,0.52063626,0.21416563,0.18273844,0.08245965
2,0,1.9611777,0.34270066,0.2527895,0.22103667,0.18347314
3,3,1.9452462,0.14407365,0.25376213,0.2790703,0.32309392
1,1,1.9806296,0.1893659,0.30135357,0.2642479,0.2450327
1,1,1.9801621,0.21193327,0.31647044,0.25596535,0.21563093
1,0,1.9708341,0.3108751,0.26254737,0.2527858,0.17379172
1,1,1.9782205,0.19568068,0.31539991,0.257516,0.2314034
0,0,1.8878865,0.41192657,0.24470988,0.20441051,0.13895307
3,0,1.9322054,0.3546523,0.27898085,0.21708073,0.14928618
1,1,1.961884,0.27947342,0.31590357,0.2398329,0.16479012
1,3,1.965469,0.16056193,0.27939442,0.26870182,0.29134193
2,1,1.9687002,0.17037266,0.3069284,0.27628997,0.24640898
0,0,1.7295399,0.51192075,0.22230464,0.17657106,0.08920354
1,1,1.9875249,0.1989323,0.28657252,0.24886611,0.26562908
3,3,1.9158896,0.13386266,0.21882024,0.28811467,0.35920238
3,0,1.9188018,0.39702386,0.22568068,0.20795563,0.16933991
1,1,1.9892752,0.20222479,0.28539193,0.25610402,0.25627926
0,0,1.9121526,0.38078538,0.26744935,0.20911676,0.1426485
3,2,1.9809619,0.18677759,0.24554244,0.2842727,0.2834072
1,1,1.974594,0.22452278,0.3297915,0.24195796,0.20372778
2,3,1.916856,0.13681445,0.2147893,0.28734174,0.36105445
3,0,1.9209579,0.38250518,0.19042325,0.26240006,0.16467145
1,0,1.9491986,0.33333993,0.28175277,0.22722064,0.15768665
3,3,1.9392107,0.1583971,0.22536513,0.2556122,0.36062562
2,3,1.9628339,0.15757018,0.28010562,0.2683038,0.2940204
1,1,1.9647363,0.17733145,0.3326597,0.25215897,0.23784992
2,1,1.970406,0.17519166,0.31518865,0.2588339,0.25078577
2,1,1.9772769,0.18184471,0.29882726,0.24693903,0.272389
1,3,1.9652796,0.16034137,0.2828254,0.26730433,0.28952882
0,3,1.9599282,0.15907694,0.27090794,0.25470465,0.31531045
2,2,1.9885126,0.20261575,0.24188568,0.28157368,0.27392486
0,0,1.9390851,0.33394867,0.2945557,0.2231605,0.1483351
1,1,1.9765526,0.25702584,0.30246505,0.26026922,0.18023993
3,3,1.95033,0.14565626,0.26938385,0.27378044,0.31117946
2,3,1.9351571,0.14092612,0.24285717,0.2731088,0.34310794
3,1,1.9872214,0.24087666,0.299882,0.2526109,0.20663044
0,0,1.8111758,0.46155286,0.24664377,0.18067153,0.11113181
3,3,1.9677529,0.1705898,0.25646105,0.25729135,0.31565788
3,1,1.9806007,0.1816268,0.27586228,0.26748377,0.2750271
2,1,1.994926,0.21872714,0.2747576,0.26112399,0.24539118
2,2,1.9948734,0.21560769,0.2586144,0.27133107,0.25444686
3,0,1.8280786,0.46640882,0.2196992,0.17800522,0.13588674
3,2,1.9994376,0.24144506,0.25653195,0.25720808,0.24481489
2,2,1.9965165,0.24923907,0.26359084,0.2649965,0.22217359
3,3,1.9450889,0.16058514,0.23062924,0.2554672,0.35331848
1,1,1.9677407,0.16435665,0.2972172,0.27083084,0.26759535
3,3,1.9733254,0.17381412,0.25614002,0.27076396,0.29928192
1,1,1.9753747,0.25227585,0.31729087,0.24316514,0.18726814
1,3,1.9410753,0.13448296,0.27953058,0.29017913,0.29580727
1,3,1.9548073,0.14882253,0.2673485,0.28678915,0.29703987
0,0,1.7181906,0.5196176,0.2297528,0.15614516,0.094484404
0,0,1.9623196,0.2977526,0.2861835,0.25743714,0.15862681
1,1,1.9763288,0.17565557,0.28385842,0.2787205,0.26176548
1,0,1.9325997,0.36104864,0.27132887,0.21364322,0.1539792
2,3,1.9396975,0.14265375,0.23704222,0.29530996,0.3249941
1,0,1.8367684,0.44076493,0.2606451,0.17979003,0.11879991
3,3,1.9828486,0.19221757,0.24009295,0.28046942,0.28722006
0,3,1.9637392,0.16190286,0.25736088,0.27268705,0.30804923
1,0,1.8710375,0.38961792,0.29476342,0.20308001,0.1125387
1,1,1.9836301,0.22634642,0.30744305,0.2589767,0.20723385
3,3,1.9251707,0.13268355,0.24314426,0.27579337,0.34837875
0,1,1.9969133,0.24359187,0.27565458,0.25027823,0.23047529
3,3,1.988486,0.21333107,0.26963618,0.22595921,0.29107347
3,3,1.9491554,0.16452311,0.22191773,0.26787484,0.34568432
2,1,1.9859976,0.1969824,0.2931901,0.25647894,0.25334856
3,1,1.9821808,0.18471077,0.27857015,0.2637748,0.27294436
2,3,1.9884355,0.20696072,0.24478702,0.25213215,0.29612017
0,0,1.977073,0.3147908,0.2547933,0.2406321,0.18978375
3,1,1.996185,0.22328895,0.2742179,0.2535216,0.24897145
3,0,1.9865444,0.3066841,0.21396872,0.23321466,0.24613255
0,0,1.9042135,0.38262284,0.26775658,0.2169551,0.13266546
2,2,1.9705245,0.1675147,0.26275787,0.2884869,0.2812406
3,1,1.9945667,0.23814298,0.2817116,0.256679,0.2234665
2,3,1.9309431,0.14313897,0.22720158,0.2783698,0.35128957
3,3,1.9809237,0.18275683,0.27442044,0.26240668,0.2804161
2,3,1.9608371,0.16199371,0.26438978,0.2536108,0.32000566
2,1,1.9642414,0.16738369,0.31618991,0.27407554,0.2423509
1,1,1.9664823,0.16158094,0.285313,0.26863518,0.28447086
2,1,1.9765625,0.17498566,0.2768921,0.27192616,0.27619606
2,3,1.9784365,0.1802747,0.26007327,0.26750743,0.29214466
0,0,1.684806,0.53856695,0.21089406,0.1669659,0.08357315
3,3,1.9076443,0.13092007,0.22369596,0.26938137,0.3760026
0,1,1.9906471,0.23537603,0.29701632,0.24753284,0.2200748
3,3,1.9263861,0.12890302,0.26633525,0.26549238,0.33926934
2,1,1.9937934,0.21413875,0.27288374,0.2667888,0.24618873
1,1,1.9891474,0.27093336,0.28355798,0.24058193,0.20492674
0,0,1.871228,0.39608133,0.27977526,0.21258155,0.11156186
0,0,1.745356,0.51137567,0.21763809,0.1655061,0.105480194
2,3,1.987805,0.195214,0.2675311,0.26833922,0.26891562
0,0,1.8009245,0.4777019,0.23075679,0.17106701,0.12047426
0,0,1.7751749,0.48296726,0.23846774,0.17990108,0.098663904
0,0,1.8837848,0.41038045,0.25318897,0.20301132,0.13341922
3,3,1.9144529,0.12700154,0.24562883,0.26600596,0.36136368
1,0,1.9102527,0.3960096,0.21232794,0.24071427,0.15094817
2,3,1.9576713,0.15174526,0.27957678,0.27078307,0.29789484
3,3,1.9313321,0.15953226,0.20821573,0.26301852,0.3692334
0,0,1.824835,0.4407602,0.2672801,0.18524832,0.106711306
0,0,1.8970544,0.40670127,0.24001211,0.20894553,0.14434111
0,0,1.6942979,0.5311662,0.22723363,0.1536034,0.08799677
0,0,1.8710122,0.42859697,0.24205293,0.18927447,0.1400757
0,0,1.7396884,0.5105948,0.21041143,0.18460973,0.094384044
2,0,1.9963366,0.2775283,0.25434163,0.23359929,0.23453076
0,0,1.9277242,0.3693598,0.2612222,0.21866395,0.15075397
1,0,1.75574,0.49794427,0.22943278,0.17521454,0.09740839
3,3,1.9366488,0.13831381,0.2507204,0.27728987,0.33367595
3,0,1.941782,0.3552743,0.2679248,0.21418846,0.16261247
0,1,1.9760263,0.18522365,0.3103387,0.26463777,0.23979989
3,0,1.8118085,0.47953942,0.21108918,0.17360507,0.13576633
1,1,1.9527632,0.14643943,0.2932808,0.26877126,0.2915085
0,1,1.9951446,0.21625902,0.2696449,0.25429866,0.25979745
2,3,1.9561007,0.15496948,0.24495834,0.29607368,0.30399853
0,0,1.7146941,0.5230254,0.21436894,0.17341144,0.08919424
3,1,1.9899685,0.21519712,0.29018265,0.22930604,0.26531422
3,1,1.9967451,0.23053154,0.27483803,0.23939204,0.2552384
0,0,1.9123876,0.38647437,0.26503992,0.19591224,0.15257342
2,3,1.9555982,0.15352298,0.2667723,0.26258388,0.31712082
1,0,1.9420533,0.3250972,0.30995703,0.20602632,0.15891944
0,0,1.7546692,0.49239016,0.22389339,0.19669455,0.087021925
1,0,1.90172,0.41066018,0.23193789,0.19611512,0.1612868
1,1,1.9811482,0.23482314,0.31775337,0.24063626,0.20678712
1,0,1.9044265,0.358001,0.310027,0.19981144,0.13216051
2,3,1.9843142,0.18843818,0.26709613,0.26734293,0.27712277
1,0,1.8915305,0.37912062,0.2981233,0.1926855,0.13007048
0,0,1.761809,0.49635366,0.23021315,0.17102334,0.10240989
1,1,1.9457031,0.28170392,0.34245458,0.21359587,0.16224566
2,3,1.9613891,0.1613932,0.24952802,0.27511063,0.31396818
2,3,1.9471538,0.14859118,0.24818522,0.27399775,0.3292259
3,3,1.9695824,0.17512502,0.24146292,0.2688097,0.31460235
2,1,1.9893041,0.20719035,0.29151645,0.24278435,0.2585089
0,0,1.7898941,0.48167893,0.2294865,0.17801441,0.11082015
2,2,1.9863038,0.1949019,0.2743866,0.28029945,0.25041205
0,0,1.9176774,0.3826119,0.24908084,0.22178155,0.14652576
1,0,1.8540838,0.40870538,0.28815883,0.19217491,0.110960856
0,0,1.6563416,0.5538552,0.20296529,0.1641739,0.07900562
1,0,1.849053,0.41595393,0.2811655,0.19317813,0.10970244
2,3,1.9876176,0.19857787,0.24717918,0.27415237,0.28009057
3,0,1.962856,0.3479585,0.22797482,0.23032291,0.19374374
1,0,1.8183514,0.428903,0.27245227,0.20940763,0.08923711
1,1,1.9632913,0.16603169,0.32091644,0.25965858,0.25339326
2,3,1.9195712,0.12814306,0.23973456,0.284168,0.34795436
1,1,1.9691148,0.16942257,0.30511835,0.27343482,0.25202426
0,0,1.8234444,0.4652351,0.20289189,0.20994312,0.121929854
3,0,1.9860333,0.30904162,0.22950509,0.24440669,0.21704656
1,0,1.8956326,0.37953675,0.28629068,0.20722638,0.12694614
1,2,1.9767066,0.17656393,0.2597705,0.28496054,0.27870506
0,1,1.9707727,0.18511973,0.3213202,0.2668485,0.2267116
1,0,1.8201776,0.47393587,0.21417025,0.17284913,0.13904479
3,0,1.9995314,0.25898376,0.2424601,0.24580455,0.2527516
3,3,1.935297,0.1332116,0.26769876,0.27459767,0.32449195
2,3,1.9439642,0.13894047,0.27391005,0.27560973,0.3115397
1,0,1.739963,0.49803922,0.24711464,0.1655877,0.08925846
1,0,1.8761302,0.3972972,0.27949226,0.20477529,0.1184352
0,0,1.8062208,0.48237687,0.21312715,0.17090537,0.13359061
2,2,1.9818753,0.1964834,0.2826371,0.29228142,0.22859801
3,3,1.9598819,0.1555154,0.27562204,0.2649143,0.3039482
0,0,1.9819123,0.3054147,0.2695796,0.21774326,0.20726243
0,0,1.6863629,0.54677147,0.19252624,0.16547084,0.09523142
2,3,1.943384,0.14426014,0.24023367,0.29968154,0.3158246
1,1,1.9920791,0.20795839,0.2782864,0.2554402,0.25831503
2,1,1.9916921,0.21146426,0.28600997,0.25718245,0.24534337
0,1,1.9824694,0.2649151,0.2867449,0.2618751,0.18646486
2,3,1.9428501,0.14462307,0.24198787,0.28688192,0.32650715
2,2,1.9897356,0.25668508,0.25922358,0.28193006,0.20216125
1,1,1.9586244,0.22134942,0.351059,0.2404504,0.18714124
2,3,1.9669102,0.16609246,0.25050417,0.28163686,0.3017665
2,1,1.9898604,0.20478213,0.2821571,0.2680052,0.24505559
1,0,1.8397459,0.43958816,0.25404447,0.19008018,0.1162872
1,0,1.9574558,0.31379232,0.28202185,0.24723084,0.15695506
2,1,1.9715725,0.24155754,0.32427,0.24979,0.18438242
2,0,1.9626304,0.30734298,0.29698315,0.22551562,0.17015825
0,0,1.9709002,0.32888073,0.25930288,0.2151079,0.19670847
3,3,1.9017321,0.12790935,0.22281756,0.2682045,0.38106856
1,3,1.9690324,0.16863944,0.2767815,0.25240776,0.3021713
0,0,1.9636322,0.32850447,0.267199,0.22914538,0.17515114
1,0,1.8334216,0.44561476,0.25757438,0.17557834,0.12123252
2,3,1.9443089,0.14564963,0.238404,0.30103484,0.3149115
3,3,1.9227887,0.13118117,0.24017526,0.27974012,0.34890345
0,0,1.8499337,0.43876666,0.24379413,0.19321334,0.12422589
3,1,1.9604906,0.28235537,0.32109055,0.22836767,0.16818641
2,0,1.8817902,0.40320086,0.26143828,0.21127412,0.12408671
0,0,1.8554369,0.43307853,0.24715711,0.19552696,0.12423742
0,0,1.8044602,0.47029528,0.23616268,0.18117961,0.11236246
1,0,1.9053386,0.36816078,0.29210937,0.20864837,0.13108143
0,0,1.7100536,0.53116775,0.2071422,0.16508135,0.09660874
2,1,1.976253,0.18101043,0.29905072,0.27611038,0.24382852
0,0,1.8781399,0.41862518,0.21859266,0.23213759,0.13064457
2,1,1.9849949,0.18971217,0.27361155,0.27266422,0.2640121
3,3,1.9542334,0.16042832,0.24837528,0.25548008,0.33571625
3,0,1.9933097,0.27862573,0.26750463,0.23464416,0.21922545
2,1,1.9709343,0.29429293,0.29523623,0.23394185,0.17652906
2,3,1.9769943,0.17692673,0.27472103,0.26144478,0.28690746
2,3,1.9777726,0.17713903,0.26795876,0.2743335,0.2805687
0,0,1.8292192,0.45700175,0.2378046,0.18083625,0.12435743
2,1,1.9869852,0.22892648,0.30695835,0.2451769,0.21893835
0,0,1.9718384,0.3144073,0.27634317,0.22342682,0.18582267
0,0,1.7181532,0.5257544,0.21623075,0.15807965,0.09993525
0,0,1.7560698,0.49779615,0.23624769,0.16439131,0.10156479
3,0,1.966631,0.33729762,0.23702069,0.23907931,0.18660235
3,1,1.9837383,0.18709792,0.27353016,0.2679746,0.27139732
2,1,1.9868942,0.22121641,0.29456207,0.2705717,0.2136498
0,0,1.6856308,0.54330647,0.19211856,0.1766576,0.08791743
2,0,1.9680731,0.33112687,0.25135335,0.23367934,0.18384042
2,1,1.9676143,0.16288109,0.28609595,0.2809209,0.2701021
0,0,1.7021912,0.5331354,0.21495411,0.15720215,0.09470833
3,3,1.9654111,0.1644902,0.26038057,0.26527846,0.3098508
3,3,1.9368386,0.14217512,0.24791989,0.26630813,0.3435969
1,3,1.9931271,0.20920192,0.25798252,0.26249877,0.27031675
3,3,1.9694165,0.16489038,0.2783591,0.2743851,0.28236553
2,0,1.8926369,0.4059689,0.23447777,0.22439347,0.13515985
0,1,1.9921396,0.20637259,0.2719207,0.26092416,0.26078248
0,0,1.7509775,0.49458385,0.24893399,0.15900946,0.0974727
1,1,1.9703513,0.16616867,0.28082457,0.28023136,0.27277538
1,0,1.924906,0.35358617,0.27733544,0.2327614,0.13631706
2,1,1.9658101,0.2616764,0.32572207,0.23785205,0.1747495
2,1,1.9945195,0.21864933,0.2776069,0.25996622,0.2437775
1,0,1.8631206,0.40786895,0.27544382,0.20368001,0.113007165
2,0,1.9232682,0.36324406,0.27612853,0.21783291,0.14279455
2,0,1.9803032,0.30559945,0.24561377,0.25824928,0.19053759
3,3,1.9381385,0.14259768,0.23474984,0.29269448,0.32995796
3,1,1.9995508,0.24457459,0.2601842,0.24514985,0.25009128
1,1,1.9627943,0.24426174,0.3381276,0.23958422,0.17802632
2,2,1.9804668,0.24514967,0.2789785,0.2895413,0.18633059
0,0,1.8172877,0.47605085,0.21135223,0.17547093,0.13712607
1,1,1.9520948,0.14652492,0.30564567,0.27607018,0.2717593
0,0,1.8190506,0.4340802,0.28635085,0.17614695,0.10342191
1,1,1.947585,0.14208928,0.2990429,0.2641048,0.29476303
2,0,1.9470001,0.359935,0.25223556,0.21275555,0.1750739
3,2,1.9955525,0.22526321,0.26853243,0.26983833,0.236366
3,3,1.9692386,0.16960974,0.25504458,0.26855326,0.30679244
3,1,1.9937344,0.21151677,0.27163896,0.25587404,0.2609702
1,0,1.9029968,0.36928618,0.2976661,0.19945022,0.13359754
3,3,1.9792928,0.18200465,0.25325343,0.27736762,0.2873743
1,1,1.9686869,0.25131342,0.3197332,0.25437704,0.1745763
1,0,1.8595729,0.4045969,0.28020188,0.20742843,0.107772835
0,0,1.7340268,0.50647765,0.23496313,0.16814424,0.090414986
2,1,1.9636209,0.15817013,0.2869683,0.26859006,0.2862715
1,1,1.9535489,0.14718466,0.29876533,0.27290815,0.28114188
2,3,1.946233,0.15108669,0.23432511,0.28436327,0.33022496
1,2,1.9845781,0.18946841,0.26034194,0.27825353,0.27193615
0,0,1.8177519,0.4686766,0.22897685,0.17567284,0.12667374
3,3,1.958763,0.153638,0.27185997,0.27210495,0.30239704
1,0,1.8436359,0.43521386,0.262718,0.18178184,0.12028633
0,0,1.7318213,0.502475,0.24523099,0.16538927,0.086904675
0,0,1.819422,0.46993008,0.21370053,0.19112875,0.12524064
2,1,1.9959034,0.2198563,0.26956517,0.2505764,0.26000214
3,3,1.9674169,0.16689993,0.25895122,0.26619285,0.30795598
1,1,1.9554697,0.27642933,0.32626614,0.23728113,0.16002344
0,0,1.8192471,0.4698618,0.22319481,0.17788887,0.12905449
2,3,1.9319996,0.14279747,0.22969124,0.27825743,0.34925383
0,0,1.8555447,0.43333158,0.24872704,0.19218971,0.12575163
1,0,1.9378287,0.3274944,0.28159565,0.25328478,0.13762514
1,3,1.9285276,0.12851036,0.2602297,0.28211343,0.3291465
0,0,1.9405094,0.3654802,0.24801372,0.22077379,0.16573223
3,3,1.9311581,0.14630428,0.2330562,0.25964278,0.36099672
0,0,1.8215972,0.45699677,0.23955123,0.1899971,0.11345484
0,0,1.7566133,0.489428,0.23992799,0.18125492,0.08938911
3,1,1.9956089,0.2638918,0.26906413,0.24756335,0.21948072
1,1,1.9901879,0.22164921,0.29939255,0.24421929,0.23473898
1,2,1.9622287,0.15720397,0.2891597,0.2898849,0.2637515
0,0,1.8677262,0.419137,0.24355856,0.21729314,0.12001129
3,2,1.989482,0.20498374,0.25061622,0.28912798,0.25527197
3,0,1.9236512,0.37800118,0.24818951,0.22340101,0.15040833
3,1,1.9923306,0.25679827,0.28964823,0.22550158,0.22805186
2,1,1.9907305,0.2424744,0.28642672,0.2617721,0.20932677
1,1,1.9767725,0.23854902,0.31669074,0.25384745,0.19091277
3,3,1.9929262,0.20926732,0.26321995,0.25484017,0.2726726
0,0,1.7535969,0.49684638,0.2296994,0.18013932,0.09331497
1,1,1.9482884,0.2964546,0.31825158,0.23390836,0.15138546
3,1,1.9943945,0.23966393,0.2874457,0.22881709,0.24407336
2,3,1.9730438,0.17398506,0.24939103,0.28185403,0.2947699
2,1,1.9817623,0.1856084,0.28594354,0.27259895,0.2558491
1,1,1.9722948,0.21673541,0.30983052,0.28402573,0.18940829
1,0,1.9330317,0.3308688,0.3069535,0.21777591,0.14440182
2,3,1.9462334,0.14775296,0.24702811,0.27600238,0.3292165
0,0,1.9841043,0.29872093,0.2700349,0.22882974,0.2024144
3,3,1.9570707,0.15674898,0.25594226,0.26715925,0.32014954
3,1,1.9932722,0.21190396,0.27547038,0.24938501,0.26324067
3,1,1.9870499,0.22329524,0.30324224,0.25540334,0.21805918
2,0,1.91087,0.38173586,0.26963466,0.2052875,0.14334202
1,1,1.9579269,0.23953632,0.34297207,0.24478297,0.17270857
1,1,1.9741204,0.24215892,0.3132635,0.2622375,0.18234009
2,3,1.9598049,0.16040887,0.24290885,0.28553054,0.31115174
1,1,1.9871881,0.20616567,0.29564938,0.26366195,0.23452298
1,3,1.9345406,0.13291286,0.25794038,0.28711775,0.322029
2,3,1.932677,0.13558865,0.24327846,0.2889458,0.33218712
0,0,1.7469915,0.5026134,0.22462718,0.17924386,0.09351546
1,0,1.7865508,0.46921474,0.25707686,0.17412528,0.09958314
1,1,1.9206381,0.30821007,0.34554273,0.20496082,0.14128645
2,3,1.9668978,0.16252472,0.28096262,0.26605633,0.2904563
1,2,1.9531058,0.1463052,0.28010327,0.29580986,0.27778167
0,0,1.8405274,0.4463518,0.2408333,0.1905589,0.12225596
3,3,1.9144919,0.14326082,0.22749525,0.24435481,0.3848891
3,0,1.9756008,0.31220797,0.27187034,0.22447324,0.19144842
0,0,1.6902215,0.542719,0.20779194,0.15179464,0.097694404
0,0,1.9720745,0.29804322,0.2810848,0.2474177,0.17345436
2,0,1.9830073,0.31269035,0.24463958,0.23639575,0.20627432
2,0,1.8431915,0.4387261,0.24538618,0.20044476,0.1154429
0,0,1.7998546,0.46910548,0.24996586,0.16812368,0.11280494
2,0,1.8448523,0.45919025,0.21009545,0.18154858,0.14916566
3,3,1.9273512,0.13358217,0.24160974,0.28133035,0.34347773
2,3,1.9659122,0.16934194,0.23807758,0.28340733,0.3091731
3,0,1.8216527,0.47139373,0.20034863,0.19823463,0.13002299
0,3,1.9456125,0.14064643,0.27071622,0.27732873,0.31130865
1,0,1.9160198,0.3692111,0.2843024,0.20194274,0.14454366
2,2,1.9895285,0.22719163,0.27539343,0.28366533,0.21374965
2,0,1.9183136,0.3687288,0.25703704,0.23908195,0.1351523
3,0,1.9967619,0.2695948,0.260771,0.2260723,0.24356203
0,0,1.9591669,0.32738605,0.2839721,0.21274833,0.17589356
0,0,1.8151573,0.47203788,0.22164841,0.18039367,0.1259201
3,1,1.9986192,0.25948945,0.26088646,0.23434338,0.24528067
3,0,1.9967468,0.26392838,0.25821447,0.22170493,0.25615227
0,0,1.7868351,0.4720029,0.2601025,0.15883628,0.10905836
2,0,1.9435645,0.33758515,0.25385606,0.26168972,0.14686906
0,0,1.8278798,0.46043336,0.23438434,0.17693521,0.12824713
2,3,1.9556041,0.1494606,0.2688595,0.28570282,0.29597697
3,3,1.9335552,0.14229675,0.24844947,0.2572835,0.3519703
2,2,1.9953601,0.21852382,0.26684904,0.26718268,0.24744442
1,0,1.8267813,0.46905503,0.21657477,0.17432256,0.14004771
1,1,1.967105,0.29292226,0.29615304,0.24284174,0.16808298
3,1,1.9747607,0.18467937,0.31561974,0.25613558,0.24356534
0,0,1.822598,0.47147405,0.21650918,0.17422949,0.13778727
1,0,1.8144069,0.4344563,0.27412692,0.19985856,0.091558285
0,0,1.7470762,0.50706625,0.21644928,0.17820923,0.09827522
1,0,1.9256679,0.36070848,0.2766306,0.21867828,0.1439827
1,1,1.9441916,0.31237218,0.31371507,0.22182147,0.15209125
1,1,1.9761709,0.20797925,0.32308134,0.25617957,0.21275984
0,0,1.7831892,0.47184193,0.25476947,0.17487834,0.098510265
0,1,1.9814272,0.25294235,0.30084324,0.25645265,0.18976177
3,3,1.946505,0.15628132,0.23452012,0.265037,0.34416154
1,0,1.6993169,0.5165853,0.23912773,0.16980004,0.074486986
1,1,1.9802461,0.21828945,0.31772962,0.25251305,0.2114679
3,3,1.9565684,0.16155072,0.23396131,0.28138065,0.32310727
0,1,1.986287,0.22565109,0.30627388,0.25168398,0.21639106
2,2,1.9989216,0.24998774,0.23991117,0.26563838,0.24446274
2,1,1.9764724,0.17573221,0.2835807,0.26275823,0.27792892
1,1,1.9468005,0.13966477,0.2932307,0.2842331,0.28287143
1,1,1.9781187,0.24949084,0.3125795,0.24811974,0.18980992
0,0,1.7603499,0.49136403,0.24017495,0.17182595,0.09663501
2,3,1.9197973,0.1310205,0.23249468,0.28486997,0.35161486
0,0,1.8218638,0.46740547,0.21592356,0.19215739,0.12451365
0,0,1.7472646,0.509108,0.21873611,0.16862762,0.1035283
0,0,1.7407649,0.5106615,0.21429345,0.1784436,0.0966014
1,1,1.9762765,0.204922,0.31148836,0.27591237,0.20767735
1,1,1.9601513,0.2836672,0.31867883,0.23183359,0.1658204
3,0,1.8678682,0.4325882,0.22715904,0.2048127,0.13544005
2,3,1.9698621,0.16580373,0.27822974,0.2701026,0.2858639
2,0,1.7804184,0.47781506,0.2426199,0.18125738,0.09830766
1,0,1.9323565,0.34220937,0.29411852,0.2184486,0.14522348
3,3,1.9721173,0.17427014,0.26641262,0.2528774,0.3064398
0,0,1.7054573,0.5252319,0.2234666,0.16447899,0.086822614
0,1,1.9993404,0.24843569,0.26045564,0.2517635,0.23934521
2,0,1.9705338,0.3029256,0.27556592,0.2501411,0.17136742
2,0,1.9499505,0.3286858,0.28310946,0.23284113,0.15536363
1,0,1.867105,0.43211213,0.24122497,0.18660061,0.14006229
2,3,1.9175562,0.13487205,0.23623185,0.25987485,0.3690212
1,0,1.9560866,0.3156277,0.28914905,0.23658942,0.15863384
0,0,1.7700744,0.49253002,0.22843772,0.17426969,0.10476251
2,1,1.9873724,0.19767565,0.28195894,0.27134532,0.24902003
0,0,1.7710928,0.4867197,0.23259978,0.18310808,0.09757239
1,0,1.8847096,0.37167758,0.30567712,0.20574686,0.11689844
2,1,1.9791881,0.18014744,0.28567618,0.26425362,0.26992273
0,0,1.6936079,0.53835166,0.21000715,0.15893295,0.09270827
2,3,1.9654857,0.16223714,0.2603737,0.27797598,0.2994132
1,1,1.9642663,0.1796627,0.33251283,0.2618012,0.22602326
1,0,1.9945337,0.27431706,0.2596766,0.2502336,0.2157727
0,0,1.8205849,0.4733345,0.21389376,0.17535904,0.13741267
0,0,1.8319052,0.4448746,0.25669122,0.18219474,0.1162394
1,1,1.9510199,0.2640072,0.33865216,0.23861727,0.15872335
1,0,1.9145861,0.34771416,0.30479082,0.2162968,0.13119832
2,1,1.977516,0.19011958,0.31445026,0.25175643,0.2436737
2,3,1.9816376,0.18865232,0.24596855,0.2725465,0.2928326
2,3,1.9378214,0.13720718,0.24734883,0.29975364,0.31569034
2,0,1.9035238,0.40595463,0.23810017,0.19964908,0.15629613
3,0,1.9900877,0.29619744,0.25484148,0.22917709,0.21978393
0,0,1.7133645,0.5242225,0.2114322,0.17543548,0.088909835
0,0,1.9750608,0.32343033,0.25160077,0.23024617,0.19472271
2,3,1.9428014,0.14166783,0.24964666,0.28934345,0.31934208
3,3,1.9339893,0.13881032,0.24880895,0.26930225,0.3430785
2,3,1.9686224,0.16851565,0.2571123,0.26745304,0.30691898
0,0,1.7477195,0.5097468,0.20726831,0.18177354,0.101211295
0,0,1.786625,0.47622645,0.24078587,0.18090603,0.102081664
1,0,1.9737265,0.30588853,0.2746032,0.2399203,0.17958795
3,3,1.9280813,0.14614415,0.23344842,0.2534635,0.36694396
2,3,1.9595562,0.1547246,0.26530358,0.2784554,0.30151638
2,0,1.9609984,0.31251237,0.29049525,0.2307302,0.16626212
3,3,1.9935853,0.23541896,0.24211203,0.23151116,0.29095784
2,3,1.9543419,0.1500588,0.25893956,0.28572336,0.30527824
3,1,1.9648292,0.16346288,0.30939823,0.26545846,0.26168042
2,0,1.985343,0.27910617,0.2707613,0.25892964,0.19120283
0,0,1.818215,0.46177626,0.23891683,0.18204895,0.11725799
3,1,1.9876829,0.26452398,0.29551023,0.22997624,0.20998952
0,0,1.8291335,0.46542242,0.22319788,0.1731477,0.13823196
3,1,1.9827675,0.1981599,0.30137873,0.26757434,0.23288707
0,0,1.9192235,0.34191814,0.3064087,0.21827853,0.13339467
3,3,1.9557685,0.15010564,0.2827368,0.26708,0.3000775
0,0,1.9013399,0.40762624,0.23152374,0.20907104,0.15177894
0,0,1.6254572,0.56950325,0.189655,0.16768533,0.07315639
2,3,1.951668,0.14919524,0.26235017,0.2699111,0.3185435
0,1,1.9925896,0.2108501,0.2730361,0.27060297,0.24551086
3,3,1.987648,0.20814753,0.26481083,0.23234874,0.29469293
3,3,1.9410337,0.14419466,0.24446635,0.2764964,0.33484253
2,0,1.973267,0.29051802,0.28307608,0.25336236,0.17304355
1,1,1.9806055,0.21032965,0.31966695,0.24315716,0.22684623
2,2,1.9858562,0.19368108,0.26018402,0.28639835,0.25973663
1,1,1.9880973,0.20484927,0.2916435,0.2394634,0.26404384
0,0,1.68865,0.53932935,0.2090726,0.16323182,0.08836632
3,0,1.9829204,0.2975435,0.26990768,0.23725413,0.19529466
2,1,1.9737945,0.17200275,0.28663307,0.2622895,0.2790746
1,3,1.9590217,0.15252268,0.2738629,0.28441253,0.2892019
1,1,1.9567732,0.15395613,0.30485433,0.25196853,0.289221
0,0,1.806443,0.4755452,0.22612683,0.17678294,0.12154499
3,1,1.9903868,0.20867738,0.28885362,0.25762933,0.24483961
1,1,1.9790226,0.2263269,0.3144352,0.2598949,0.19934295
2,0,1.8978112,0.38636807,0.2718456,0.21179293,0.12999338
3,1,1.9656023,0.15995322,0.28315648,0.27849376,0.27839655
3,1,1.9902369,0.2088925,0.2896658,0.24380058,0.2576412
3,3,1.9696352,0.17493457,0.24469237,0.26467258,0.31570047
0,0,1.807767,0.45870268,0.26091576,0.16879609,0.11158547
3,3,1.992139,0.21228991,0.25971448,0.24414745,0.28384817
3,3,1.9555645,0.18243434,0.22276932,0.24113773,0.3536586
2,2,1.9901932,0.20464608,0.261032,0.28364363,0.25067833
3,0,1.9822161,0.29089916,0.27238473,0.24783479,0.18888131
3,3,1.9615096,0.15726191,0.26622266,0.2735803,0.30293512
3,0,1.8118892,0.48109302,0.2065162,0.17322655,0.13916428
0,1,1.9879075,0.26185897,0.2896667,0.24722709,0.20124717
3,0,1.9734832,0.33441448,0.22961539,0.22690311,0.20906706
0,0,1.706616,0.5318037,0.2086906,0.16523616,0.09426954
2,3,1.9408298,0.1397101,0.25020155,0.2903995,0.31968886
2,1,1.9967088,0.23027132,0.27622935,0.25193328,0.2415661
3,3,1.9802691,0.19057903,0.24147585,0.2639725,0.3039727
0,0,1.973507,0.2999185,0.29024765,0.22481419,0.18501963
1,2,1.9870101,0.19477883,0.2726632,0.2761152,0.25644267
3,0,1.9659458,0.31117633,0.28089732,0.23821022,0.16971616
0,0,1.7868191,0.46488252,0.2537387,0.1896329,0.09174583
2,1,1.9798552,0.27622032,0.28639585,0.25485954,0.1825242
2,2,1.9894334,0.2013861,0.2522742,0.2798449,0.26649478
0,0,1.7967815,0.46168345,0.2548571,0.1853186,0.09814089
0,0,1.8420223,0.43751264,0.25243658,0.19488837,0.11516245
0,3,1.9372464,0.15019876,0.22029826,0.28457183,0.34493113
2,3,1.9973574,0.22530785,0.25112462,0.25945318,0.2641143
3,0,1.738294,0.514665,0.1977044,0.19018751,0.09744308
1,3,1.9568124,0.15677212,0.24682194,0.28010345,0.31630248
3,3,1.9780076,0.18558706,0.27296683,0.24029112,0.301155
3,1,1.9890724,0.19988546,0.2761909,0.25327986,0.2706437
0,1,1.9910413,0.20714244,0.28411812,0.2537617,0.2549777
3,3,1.9582877,0.17294459,0.22800225,0.25949162,0.33956152
0,0,1.8315297,0.44688568,0.25367334,0.18202458,0.117416374
2,1,1.9812714,0.19172531,0.29985854,0.268896,0.23952013
1,1,1.9745528,0.17738332,0.3005734,0.2736408,0.24840249
1,3,1.9524388,0.14899553,0.25788283,0.28142524,0.31169638
3,1,1.9850948,0.19813998,0.29863623,0.2559638,0.24725999
2,0,1.9825641,0.3118107,0.22907083,0.25294298,0.20617555
2,1,1.9891673,0.24740633,0.294574,0.24998969,0.20803002
1,1,1.9670157,0.1663269,0.30292866,0.2799198,0.25082466
1,0,1.9613706,0.31665257,0.28527135,0.23062515,0.16745085
2,1,1.9788253,0.26867554,0.30308887,0.2406852,0.18755041
0,0,1.9632916,0.33178222,0.2587728,0.23477763,0.17466737
3,3,1.9853307,0.19261527,0.25277203,0.27163634,0.28297642
3,3,1.9266312,0.1463489,0.21417753,0.27976602,0.35970753
2,3,1.9733787,0.17033996,0.27278337,0.276135,0.28074166
2,3,1.9869103,0.19992502,0.24019313,0.27662495,0.28325686
0,1,1.9861752,0.19626234,0.29050526,0.26024643,0.252986
0,1,1.9637446,0.20636305,0.34452736,0.24789064,0.20121896
2,0,1.9635029,0.31205076,0.2783753,0.24486129,0.16471262
3,0,1.7812798,0.48010457,0.24349794,0.17243971,0.10395776
3,3,1.9567689,0.15024719,0.27388212,0.28196186,0.29390883
1,0,1.8913763,0.37930405,0.2923907,0.20340627,0.12489901
2,0,1.9936466,0.2749989,0.27178484,0.22815818,0.22505811
1,1,1.9904217,0.22517112,0.29298908,0.2601001,0.22173966
0,0,1.8082653,0.47506917,0.22627826,0.17480567,0.1238469
0,0,1.7651371,0.49369773,0.22225949,0.18563813,0.09840461
3,1,1.970054,0.170725,0.3049036,0.2722015,0.25216985
0,0,1.7993149,0.46142104,0.25175712,0.18778709,0.09903473
3,1,1.9833239,0.19498412,0.29363734,0.27371714,0.23766136
0,0,1.8295654,0.4665546,0.21859033,0.17521341,0.1396416
1,0,1.9331044,0.36008966,0.26093808,0.23023295,0.14873931
1,0,1.8948112,0.384531,0.2827445,0.202836,0.12988858
2,1,1.9794291,0.18268143,0.29126087,0.2726381,0.25341964
0,0,1.6482584,0.56492543,0.18745057,0.16083644,0.08678746
0,0,1.7358558,0.50689936,0.23494333,0.16483219,0.09332515
1,1,1.944499,0.2865487,0.3406792,0.21151829,0.16125387
2,3,1.9415417,0.14938231,0.23257087,0.27734548,0.3407014
1,1,1.9696947,0.17229371,0.3046857,0.2801423,0.2428782
2,1,1.9870194,0.23041633,0.30190793,0.25593454,0.21174118
3,3,1.9837278,0.19415715,0.24594241,0.2629587,0.29694167
0,0,1.7383108,0.5074855,0.23289476,0.16331019,0.096309565
2,0,1.9491249,0.31255192,0.31093282,0.21713473,0.15938056
3,3,1.9690961,0.16747108,0.2804601,0.25514004,0.29692885
3,3,1.9279884,0.14382944,0.23094152,0.2627243,0.3625047
3,2,1.9765985,0.17516257,0.27067515,0.28003028,0.27413207
1,1,1.9862013,0.21897069,0.30146527,0.26253998,0.21702403
3,3,1.9986286,0.23446372,0.2568832,0.24575016,0.26290298
3,1,1.9944041,0.24245198,0.28724384,0.24231331,0.2279909
3,3,1.9465084,0.14516856,0.25365022,0.27923352,0.32194775
3,3,1.9588838,0.15448666,0.27161855,0.26816463,0.30573016
1,1,1.9803537,0.21646532,0.3044764,0.2749931,0.20406517
3,3,1.9019248,0.13055944,0.21288544,0.27661705,0.37993804
2,3,1.9585007,0.15273507,0.27033055,0.2788695,0.2980649
1,1,1.9486339,0.23643869,0.36315608,0.22088839,0.17951685
3,0,1.9669955,0.29647982,0.29262608,0.24299079,0.1679034
2,1,1.9797783,0.21505123,0.30050945,0.28155664,0.20288274
2,0,1.7925794,0.47371688,0.2424012,0.17782438,0.10605749
0,0,1.9137727,0.36220506,0.2687653,0.24184926,0.12718041
1,0,1.9105786,0.36459196,0.28201276,0.22445667,0.12893867
3,3,1.9274224,0.12875834,0.25255567,0.288551,0.33013496
3,3,1.9927806,0.2091884,0.25229052,0.26707646,0.2714446
1,2,1.9967407,0.23957919,0.25228167,0.27638578,0.2317533
1,0,1.9470764,0.3110515,0.31029975,0.22544797,0.1532008
3,3,1.9698272,0.1755625,0.25735265,0.24943267,0.31765223
1,3,1.9535736,0.15223007,0.24797495,0.2869048,0.31289023
2,1,1.9832464,0.18788725,0.28425777,0.2575226,0.27033243
3,0,1.9900643,0.27739155,0.27253184,0.24555153,0.20452508
1,1,1.9859126,0.22267999,0.29112414,0.27724078,0.20895506
1,1,1.966117,0.18631186,0.31935805,0.28466332,0.20966683
3,3,1.9592061,0.16345888,0.23651761,0.2793711,0.3206524
1,1,1.9622437,0.17778926,0.33582625,0.25944826,0.22693628
1,1,1.9823521,0.22564927,0.31475052,0.24887669,0.21072353
1,0,1.9641641,0.31220654,0.2758433,0.2467561,0.16519406
1,1,1.9656334,0.29474694,0.3085809,0.21898924,0.17768298
3,3,1.9328331,0.13786325,0.23705743,0.28982398,0.33525535
3,3,1.9354587,0.14626615,0.23959546,0.2606284,0.35351
2,0,1.9843138,0.29550046,0.24705575,0.26274747,0.1946963
1,1,1.9688247,0.24788937,0.32515004,0.2482158,0.17874475
2,3,1.9699316,0.17194064,0.24966826,0.26985347,0.30853763
3,0,1.9925735,0.27743453,0.2713362,0.2344879,0.21674132
3,1,1.982215,0.18615033,0.2842386,0.2563425,0.27326855
3,3,1.9735396,0.18732502,0.25632632,0.23544574,0.32090288
3,1,1.9680976,0.25613606,0.32740596,0.23604068,0.18041731
3,3,1.9721748,0.18386148,0.24120572,0.25303093,0.32190183
3,1,1.9973525,0.24225706,0.2742175,0.25031674,0.23320872
3,3,1.9322543,0.13674206,0.2421326,0.28289735,0.338228
3,3,1.9824574,0.19275092,0.25963902,0.24685867,0.30075136
2,0,1.6978815,0.5297954,0.21436954,0.1725568,0.08327817
2,2,1.9818634,0.18410935,0.26482633,0.27928826,0.27177608
0,0,1.6213477,0.5695732,0.20446281,0.15239225,0.07357174
1,0,1.8795736,0.39494324,0.28000313,0.20477892,0.12027468
0,1,1.9820167,0.27229488,0.29821622,0.23492396,0.19456483
2,0,1.9579363,0.3365961,0.25374687,0.24234304,0.16731392
0,0,1.9318945,0.33927846,0.28484365,0.2383578,0.13752007
2,0,1.9299681,0.34856263,0.2883126,0.2189061,0.1442186
0,0,1.9043522,0.3745243,0.28586173,0.20642784,0.1331861
3,3,1.9416744,0.14705616,0.2591936,0.25116494,0.3425853
3,3,1.9584196,0.15500642,0.25822812,0.27948105,0.3072844
3,0,1.895751,0.40715232,0.23766313,0.21315782,0.1420267
3,3,1.9475257,0.14782049,0.24368648,0.28879243,0.31970063
0,0,1.8063967,0.4823082,0.21327683,0.17048061,0.13393438
2,1,1.9439006,0.13763121,0.2970079,0.2720076,0.29335323
1,3,1.9185607,0.12777859,0.24312612,0.27696663,0.3521287
2,2,1.9933033,0.24125385,0.26716056,0.27647376,0.21511176
2,3,1.9248388,0.12922387,0.24166174,0.29629055,0.33282384
2,2,1.9995354,0.25156623,0.2460182,0.25958374,0.24283184
3,3,1.9416434,0.14983684,0.22658552,0.28871763,0.33486003
1,0,1.9319179,0.33942366,0.30225265,0.2102283,0.14809543
1,2,1.9570028,0.15109235,0.26957697,0.29816502,0.2811657
1,1,1.9749452,0.18956952,0.31797865,0.26052734,0.2319245
3,2,1.9815497,0.18316242,0.26860642,0.27423894,0.2739922
1,3,1.9851089,0.19245377,0.27755958,0.25067088,0.2793158
0,0,1.887133,0.39368087,0.2642726,0.22073466,0.121311866
3,3,1.9325227,0.14272009,0.25179988,0.25045958,0.35502043
3,3,1.9717281,0.1739814,0.26841086,0.25094444,0.30666336
3,1,1.9774197,0.17910022,0.28529215,0.25259733,0.2830103
2,3,1.92194,0.12891918,0.2346015,0.30237716,0.3341022
0,0,1.8284409,0.4511131,0.24843098,0.18305497,0.11740097
2,3,1.9502957,0.15329026,0.23477276,0.29287425,0.31906268
2,1,1.9895693,0.26033968,0.28700307,0.24806602,0.20459127
2,2,1.9755737,0.17378476,0.27463514,0.28248015,0.26909995
0,0,1.8129401,0.46721172,0.23316939,0.18249096,0.11712797
0,1,1.9824337,0.19738883,0.2958991,0.2768576,0.22985446
1,3,1.944769,0.14721312,0.24916232,0.26984933,0.3337752
0,0,1.8830764,0.4105889,0.2509662,0.20687474,0.13157019
0,0,1.8235481,0.46749392,0.22260168,0.17907497,0.13082942
3,1,1.9853995,0.24438949,0.3108906,0.22333868,0.22138119
1,0,1.7761639,0.4721674,0.25812817,0.1765976,0.09310682
2,0,1.9257382,0.37439835,0.26349285,0.20530742,0.15680124
1,1,1.9574871,0.17527194,0.34476185,0.251298,0.22866821
1,1,1.9770776,0.18632014,0.31101498,0.24701455,0.2556503
2,1,1.9869326,0.2018217,0.2919026,0.2665869,0.2396888
3,1,1.9920634,0.22043897,0.29295897,0.24417752,0.24242459
1,1,1.9735802,0.1706253,0.2793956,0.27798995,0.27198908
2,3,1.9556508,0.15535519,0.24762519,0.280092,0.31692767
2,3,1.9369209,0.14184225,0.23119827,0.30341366,0.3235458
0,0,1.9030033,0.39954427,0.22799833,0.23042232,0.14203505
0,0,1.8496081,0.4457309,0.22518969,0.19997413,0.12910526
2,0,1.9940832,0.2717985,0.2712486,0.237919,0.21903397
3,3,1.9333227,0.14343926,0.23798132,0.26633388,0.35224548
0,0,1.8708336,0.418497,0.2629471,0.1852363,0.13331962
3,0,1.7526989,0.49866527,0.22676434,0.18044133,0.094129115
2,1,1.9880672,0.27993694,0.28404096,0.22122519,0.21479696
0,0,1.752644,0.50012034,0.22546902,0.17846969,0.09594097
0,1,1.9714732,0.24662815,0.31854525,0.25538436,0.17944223
0,0,1.801034,0.46577945,0.24407059,0.18623878,0.10391111
0,0,1.806997,0.46187323,0.24800828,0.18323985,0.10687872
2,1,1.9798005,0.20306389,0.30620953,0.27383533,0.21689124
1,0,1.8137839,0.42851776,0.2926386,0.18460119,0.094242446
0,0,1.8085265,0.4702772,0.23894273,0.16942902,0.12135105
1,1,1.9457102,0.28891808,0.31969118,0.24598859,0.14540213
0,0,1.6911467,0.5362839,0.21441472,0.16174977,0.087551534
1,0,1.9214076,0.34910238,0.2922297,0.22440907,0.13425891
1,1,1.9690683,0.27703878,0.31092533,0.23775028,0.17428564
3,3,1.9478216,0.15250912,0.247381,0.26284924,0.33726063
1,1,1.9562323,0.29396957,0.31319422,0.23308648,0.15974976
2,0,1.9733186,0.29931414,0.28460392,0.2374015,0.17868046
2,2,1.9781312,0.17764513,0.26985973,0.2805574,0.27193773
3,0,1.830943,0.46944964,0.20717542,0.17580289,0.14757204
1,0,1.9282283,0.34898326,0.29396102,0.21102709,0.14602865
1,1,1.9784412,0.21556361,0.31072968,0.27089104,0.20281565
0,0,1.7509416,0.49838743,0.2270819,0.18253899,0.091991685
2,2,1.9982872,0.25067055,0.24644929,0.26845822,0.23442198
2,3,1.9817553,0.19176848,0.26844,0.24118704,0.2986045
3,3,1.9037324,0.1288336,0.21078715,0.2922125,0.36816674
2,2,1.9952127,0.22250195,0.23909627,0.27346733,0.2649344
0,3,1.9758285,0.1775311,0.25090113,0.2789841,0.29258364
2,3,1.9524814,0.15497719,0.23716484,0.28824377,0.31961417
1,0,1.924709,0.3531695,0.29256192,0.21028592,0.14398266
0,0,1.7751443,0.47872716,0.2422195,0.18522467,0.0938286
3,1,1.9778676,0.1771992,0.28037202,0.27015457,0.27227414
2,3,1.9221686,0.13088675,0.23371218,0.2917518,0.34364924
0,0,1.8506627,0.44539422,0.23755716,0.17977928,0.13726938
1,0,1.937577,0.33862257,0.2934181,0.21809787,0.14986147
0,0,1.7301843,0.5102652,0.2309627,0.16799706,0.09077513
2,3,1.9645714,0.16410358,0.26286757,0.26071817,0.3123107
2,3,1.9245046,0.1292202,0.24171375,0.2942923,0.33477378
2,3,1.9427085,0.1481598,0.23892519,0.27492946,0.33798552
1,1,1.9641404,0.20070344,0.33793557,0.26172686,0.19963406
0,0,1.773018,0.4856523,0.23338315,0.18262236,0.09834225
1,0,1.9682354,0.31532362,0.27783644,0.22957712,0.1772628
2,1,1.9826628,0.19787255,0.30008987,0.27004117,0.23199642
1,1,1.9679838,0.2883456,0.31387034,0.20987281,0.1879112
1,1,1.9510087,0.14428732,0.29750744,0.2823491,0.27585608
0,0,1.8160716,0.4766753,0.2119633,0.17464915,0.13671222
1,0,1.8866794,0.3932477,0.26911232,0.21564028,0.12199965
3,3,1.9420052,0.15077157,0.23991652,0.26252085,0.3467911
1,1,1.9706659,0.17946075,0.3199346,0.259054,0.2415506
1,0,1.9128395,0.35321984,0.29771972,0.21958214,0.12947832
0,0,1.8707443,0.41019216,0.26826414,0.19969611,0.121847615
3,3,1.945496,0.16353625,0.23108059,0.24895246,0.35643077
3,3,1.9619999,0.16002886,0.27031726,0.25917417,0.31047976
2,3,1.9371387,0.14618082,0.24306771,0.2603935,0.35035798
3,3,1.9792565,0.17971219,0.2685931,0.26931676,0.2823779
2,2,1.9677082,0.16592254,0.25256073,0.29082373,0.29069296
1,0,1.8113751,0.45666727,0.25670198,0.17763655,0.10899417
2,2,1.9781097,0.18040764,0.25357813,0.29114392,0.27487028
2,2,1.9895325,0.26048207,0.26517045,0.27455974,0.19978772
3,3,1.9377856,0.14635047,0.23648891,0.27053782,0.34662277
0,0,1.8137923,0.46362776,0.24720694,0.16812356,0.12104168
3,0,1.8972777,0.37690738,0.293243,0.19851777,0.1313319
2,2,1.96614,0.16111806,0.26913714,0.28589404,0.28385082
3,1,1.9786205,0.17903511,0.28403398,0.26380867,0.2731222
2,2,1.95179,0.15180245,0.24083905,0.304235,0.30312347
0,0,1.7938279,0.4719424,0.24468532,0.17760757,0.105764784
2,3,1.9839602,0.20322965,0.2769583,0.22519366,0.29461834
2,1,1.9741716,0.17208438,0.28216568,0.26480278,0.28094718
3,3,1.9699997,0.17790551,0.23593944,0.27016893,0.31598604
1,1,1.9745011,0.19027066,0.30243373,0.28807962,0.21921597
0,0,1.8162345,0.47415715,0.21938767,0.17299289,0.13346237
1,1,1.9901098,0.21997212,0.28994468,0.26627678,0.22380641
2,0,1.853474,0.42359823,0.2566318,0.20752102,0.11224889
0,1,1.9765499,0.26195067,0.30671784,0.24853775,0.18279377
1,1,1.9610147,0.18838002,0.3458467,0.24904683,0.21672644
0,0,1.869945,0.40724993,0.27269733,0.20080712,0.11924567
1,1,1.9715593,0.22342314,0.33766466,0.23013347,0.20877875
2,1,1.9737221,0.24280135,0.31828082,0.2545692,0.1843486
2,3,1.9186559,0.12825824,0.23699221,0.2856182,0.3491314
1,1,1.9855335,0.2219746,0.3028189,0.26217416,0.21303235
3,1,1.991684,0.24159183,0.2890272,0.25503016,0.21435083
1,1,1.9752139,0.1739842,0.28525597,0.2784111,0.26234877
3,3,1.935288,0.15263118,0.23088625,0.2544722,0.36201036
0,1,1.9938397,0.2378053,0.27895007,0.26396304,0.21928152
3,0,1.9984473,0.26220214,0.23721182,0.26090634,0.23967974
0,2,1.9704802,0.17045513,0.2496535,0.2961148,0.2837765
1,1,1.9828669,0.21687059,0.3118668,0.2552946,0.21596797
0,0,1.7238141,0.51431954,0.23303457,0.1603013,0.0923446
2,1,1.9849323,0.20983377,0.3001196,0.2682826,0.22176409
1,3,1.9841434,0.1898967,0.27149153,0.25506535,0.2835464
1,1,1.9728608,0.24834293,0.32319725,0.24205527,0.18640454
2,3,1.9651895,0.16418156,0.25063527,0.28086674,0.3043164
0,0,1.8387167,0.4399523,0.25762305,0.18462276,0.11780181
3,3,1.962807,0.15836614,0.2677896,0.27350762,0.3003366
0,0,1.9635531,0.315919,0.27915105,0.23705676,0.16787317
3,3,1.9950126,0.2441809,0.23810993,0.2319988,0.28571042
0,0,1.6834669,0.5357229,0.22449866,0.15666522,0.083113216
0,0,1.7183349,0.5244243,0.21400718,0.1657482,0.09582035
1,1,1.9889432,0.22836454,0.2962876,0.2596716,0.2156762
2,1,1.9978257,0.23114914,0.26784316,0.25672942,0.24427833
0,0,1.7062293,0.53043634,0.21325679,0.16333634,0.092970565
